root	true
hostname_valid	true
hostname_uppercase	false
hostname_empty	false
hostname_dot	false
hostname_underscore	false
hostname_space	false
hostname_label63	true
hostname_label64	false
hostname_total253	true
hostname_total254	false
hostname_unicode	false
hostname_dash	false
docker_absent	true
docker_socket	false
docker_binary	false
comment_absent	false
comment_loaded	true
comment_match	true
comment_substring	false
comment_disk	true
comment_glob	true
not_alpine	true
alpine_missing	false
alpine_tools	true
alpine_custom_paths	false
v2_all	true
v2_missing	false
v2_empty	false
v1_all	true
v1_io_wrong	false
alpine_rc_service	false
alpine_ready	true
ports_0_false	true
ports_0_true	true
ports_6060_false	true
ports_6060_true	false
ports_2379_false	false
ports_2379_true	false
ports_6443_false	false
ports_6443_true	false
ports_10443_false	false
ports_10443_true	false
suite_failfast	true
